x1,y1,x2,y2
559.652099609375, 368.2476501464844, 746.59716796875, 578.4678344726562
560.4896240234375, 369.62091064453125, 747.6580200195312, 580.03271484375
561.18798828125, 369.7903137207031, 748.591796875, 580.2047119140625
561.18798828125, 369.7903137207031, 748.591796875, 580.2047119140625
561.18798828125, 369.7903137207031, 748.591796875, 580.2047119140625
561.1884765625, 370.156982421875, 748.609375, 580.4928588867188
560.7701416015625, 370.8836975097656, 748.4556884765625, 581.1041259765625
560.7001953125, 371.4109191894531, 748.4539794921875, 581.4755859375
560.7393188476562, 371.5115051269531, 748.413818359375, 581.6271362304688
560.7393188476562, 371.5115051269531, 748.413818359375, 581.6271362304688
560.7471923828125, 371.85107421875, 748.4819946289062, 581.802734375
561.21923828125, 371.9721984863281, 749.0672607421875, 581.6819458007812
561.5950317382812, 372.09722900390625, 749.49853515625, 581.6476440429688
561.790771484375, 371.9227600097656, 749.9056396484375, 581.553955078125
561.790771484375, 371.9227600097656, 749.9056396484375, 581.553955078125
561.9698486328125, 372.035888671875, 749.9676513671875, 581.5457763671875
561.9698486328125, 372.035888671875, 749.9676513671875, 581.5457763671875
561.5438232421875, 372.83636474609375, 749.4772338867188, 582.4934692382812
561.570556640625, 372.8424987792969, 749.5791625976562, 582.46826171875
561.570556640625, 372.8424987792969, 749.5791625976562, 582.46826171875
561.5977783203125, 372.49639892578125, 749.9605712890625, 581.7156982421875
561.7462158203125, 371.9046630859375, 750.3521728515625, 580.9051513671875
561.8049926757812, 371.6089172363281, 750.4322509765625, 580.6240234375
562.513671875, 371.3345642089844, 750.5036010742188, 580.4962768554688
562.513671875, 371.3345642089844, 750.5036010742188, 580.4962768554688
562.6004638671875, 370.9278259277344, 750.667724609375, 580.2857055664062
563.5972900390625, 369.77520751953125, 751.579833984375, 579.1876831054688
564.5481567382812, 369.3272399902344, 752.567138671875, 578.488525390625
565.353271484375, 368.83465576171875, 753.584716796875, 578.06591796875
565.353271484375, 368.83465576171875, 753.584716796875, 578.06591796875
565.58837890625, 368.735595703125, 754.0888061523438, 577.6483154296875
565.837158203125, 368.6170349121094, 754.4970092773438, 577.464599609375
565.6165771484375, 368.8379821777344, 754.1009521484375, 577.58544921875
565.3223876953125, 368.95440673828125, 753.611083984375, 577.9268798828125
565.3223876953125, 368.95440673828125, 753.611083984375, 577.9268798828125
565.3155517578125, 368.93450927734375, 753.6436767578125, 577.6857299804688
565.3155517578125, 368.93450927734375, 753.6436767578125, 577.6857299804688
565.5372924804688, 368.58837890625, 753.8109130859375, 577.497802734375
567.01171875, 368.3876953125, 755.4722290039062, 577.203369140625
567.01171875, 368.3876953125, 755.4722290039062, 577.203369140625
567.4237670898438, 368.4317932128906, 755.5777587890625, 577.4066772460938
567.4237670898438, 368.4317932128906, 755.5777587890625, 577.4066772460938
567.5881958007812, 368.6616516113281, 755.9605102539062, 577.4732666015625
567.597412109375, 368.4085693359375, 755.8590087890625, 577.40966796875
567.4335327148438, 368.02203369140625, 755.5032348632812, 576.7154541015625
567.3665161132812, 367.7780456542969, 755.4683227539062, 576.6019897460938
567.3665161132812, 367.7780456542969, 755.4683227539062, 576.6019897460938
566.5799560546875, 368.0465393066406, 754.7373046875, 576.830078125
565.27001953125, 368.3892822265625, 753.1231689453125, 577.4945678710938
561.1215209960938, 368.7041320800781, 748.6116333007812, 578.46630859375
558.743896484375, 368.80517578125, 746.3358764648438, 578.6021118164062
558.743896484375, 368.80517578125, 746.3358764648438, 578.6021118164062
558.3836669921875, 369.12078857421875, 745.5914306640625, 579.0224609375
558.9989013671875, 369.2873840332031, 746.52880859375, 578.8543701171875
558.9989013671875, 369.2873840332031, 746.52880859375, 578.8543701171875
559.8365478515625, 368.96441650390625, 747.5050659179688, 578.533203125
560.8424682617188, 369.1026306152344, 748.5975341796875, 578.566650390625
561.1744384765625, 369.242919921875, 748.6806030273438, 578.65283203125
560.767822265625, 369.53662109375, 748.6260986328125, 578.8519287109375
560.767822265625, 369.53662109375, 748.6260986328125, 578.8519287109375
560.7802124023438, 369.55828857421875, 748.6470336914062, 578.9865112304688
561.0457763671875, 369.62884521484375, 748.7716064453125, 579.15966796875
560.9995727539062, 370.086181640625, 748.6431884765625, 579.4521484375
560.713134765625, 370.421875, 748.493896484375, 579.51708984375
560.713134765625, 370.421875, 748.493896484375, 579.51708984375
560.5892333984375, 370.7508544921875, 748.076171875, 580.029052734375
560.5892333984375, 370.7508544921875, 748.076171875, 580.029052734375
560.6214599609375, 370.95916748046875, 748.1141357421875, 580.1431274414062
562.093505859375, 371.2354736328125, 749.3656005859375, 580.1907958984375
566.5660400390625, 372.7037658691406, 754.2105712890625, 580.7688598632812
570.9041748046875, 374.0704040527344, 758.6083984375, 581.4981689453125
570.9041748046875, 374.0704040527344, 758.6083984375, 581.4981689453125
572.7559814453125, 374.6356506347656, 760.70068359375, 581.595947265625
576.6055297851562, 376.38031005859375, 764.4517822265625, 582.5350341796875
585.267578125, 381.901611328125, 771.6522216796875, 586.469970703125
594.101806640625, 387.3793640136719, 778.666748046875, 590.8251953125
594.101806640625, 387.3793640136719, 778.666748046875, 590.8251953125
603.6825561523438, 393.450439453125, 786.7635498046875, 596.1641235351562
609.1876831054688, 395.93975830078125, 790.7742919921875, 598.572998046875
619.3622436523438, 410.56341552734375, 795.7642822265625, 603.69921875
603.9891967773438, 423.54998779296875, 779.1492919921875, 623.737548828125
603.9891967773438, 423.54998779296875, 779.1492919921875, 623.737548828125
606.6632080078125, 433.03656005859375, 776.6090698242188, 632.3986206054688
607.8450927734375, 439.790771484375, 775.489501953125, 639.3529052734375
610.720703125, 450.634765625, 772.51171875, 650.8604736328125
613.436279296875, 454.9573059082031, 772.2122802734375, 652.71484375
613.436279296875, 454.9573059082031, 772.2122802734375, 652.71484375
614.4832153320312, 462.5557861328125, 769.750732421875, 657.8028564453125
613.5667114257812, 467.6595153808594, 767.5275268554688, 661.122314453125
607.3992309570312, 482.3190002441406, 758.1116333007812, 672.0826416015625
603.38818359375, 488.72161865234375, 753.91064453125, 674.7701416015625
603.38818359375, 488.72161865234375, 753.91064453125, 674.7701416015625
604.5789794921875, 495.17303466796875, 755.1973876953125, 676.7952880859375
607.6004638671875, 497.199462890625, 758.4227294921875, 675.9615478515625
607.6004638671875, 497.199462890625, 758.4227294921875, 675.9615478515625
616.3763427734375, 500.68463134765625, 768.131591796875, 674.3138427734375
626.4122314453125, 507.05438232421875, 779.401611328125, 674.4620361328125
628.2494506835938, 511.6380920410156, 778.6300048828125, 676.7548828125
629.5325927734375, 514.808349609375, 778.7034912109375, 678.7650146484375
629.5325927734375, 514.808349609375, 778.7034912109375, 678.7650146484375
635.53369140625, 521.7750244140625, 782.5056762695312, 683.7034301757812
644.2159423828125, 526.2950439453125, 789.3442993164062, 686.49462890625
650.2388916015625, 527.0704345703125, 791.1631469726562, 685.3283081054688
650.2975463867188, 526.9139404296875, 789.1788330078125, 684.6328125
650.2975463867188, 526.9139404296875, 789.1788330078125, 684.6328125
642.6047973632812, 533.5245361328125, 773.7870483398438, 689.6220703125
640.218505859375, 536.1290283203125, 769.7864990234375, 691.830078125
635.022705078125, 539.0111694335938, 762.228759765625, 693.618896484375
633.4970703125, 536.6422119140625, 759.4837646484375, 687.6947631835938
633.4970703125, 536.6422119140625, 759.4837646484375, 687.6947631835938
635.5716552734375, 532.1827392578125, 760.4942626953125, 680.7034912109375
646.258544921875, 514.5572509765625, 768.9122314453125, 659.5482177734375
650.2008056640625, 507.6084289550781, 772.4995727539062, 651.6639404296875
650.46484375, 505.0645751953125, 772.083984375, 647.0355224609375
650.46484375, 505.0645751953125, 772.083984375, 647.0355224609375
650.8240966796875, 503.59423828125, 771.882568359375, 644.2330322265625
658.2584228515625, 494.572509765625, 777.912109375, 631.0010986328125
665.6377563476562, 489.07110595703125, 784.7100830078125, 623.8449096679688
672.0895385742188, 486.74346923828125, 791.096435546875, 620.196044921875
672.0895385742188, 486.74346923828125, 791.096435546875, 620.196044921875
674.43701171875, 486.88330078125, 793.22705078125, 619.439453125
677.9396362304688, 487.2857666015625, 796.133056640625, 618.078857421875
677.9396362304688, 487.2857666015625, 796.133056640625, 618.078857421875
684.4449462890625, 479.68402099609375, 799.8363037109375, 606.5697021484375
684.4449462890625, 479.68402099609375, 799.8363037109375, 606.5697021484375
686.71630859375, 478.4010314941406, 801.6060180664062, 604.7717895507812
692.180419921875, 475.34405517578125, 805.6834106445312, 600.0736083984375
692.180419921875, 475.34405517578125, 805.6834106445312, 600.0736083984375
690.006103515625, 473.02471923828125, 800.0363159179688, 595.4874267578125
690.006103515625, 473.02471923828125, 800.0363159179688, 595.4874267578125
687.2423095703125, 473.34027099609375, 795.797607421875, 595.5112915039062
681.5392456054688, 473.32635498046875, 789.410400390625, 594.5423583984375
683.4013671875, 471.2442626953125, 790.6284790039062, 589.8851928710938
685.4461669921875, 469.42596435546875, 792.5142822265625, 586.6013793945312
685.4461669921875, 469.42596435546875, 792.5142822265625, 586.6013793945312
683.2593994140625, 468.37579345703125, 788.7332763671875, 584.429443359375
675.2950439453125, 471.97314453125, 779.6748657226562, 586.3617553710938
673.29248046875, 472.41790771484375, 777.4532470703125, 586.1958618164062
670.7278442382812, 469.8174133300781, 774.5667724609375, 581.4889526367188
670.7278442382812, 469.8174133300781, 774.5667724609375, 581.4889526367188
668.748046875, 462.64385986328125, 772.3973388671875, 572.206298828125
664.3278198242188, 455.5240478515625, 767.181396484375, 563.2982177734375
663.22314453125, 454.06756591796875, 765.7835693359375, 561.3250732421875
660.9893188476562, 452.73907470703125, 762.958740234375, 558.8673095703125
660.9893188476562, 452.73907470703125, 762.958740234375, 558.8673095703125
659.2863159179688, 451.51849365234375, 760.2437744140625, 556.5555419921875
658.1744995117188, 449.28436279296875, 757.6060791015625, 553.178466796875
661.4697875976562, 447.9549255371094, 759.7606201171875, 551.0089721679688
663.8850708007812, 447.1904296875, 761.5549926757812, 549.72412109375
663.8850708007812, 447.1904296875, 761.5549926757812, 549.72412109375
669.3931884765625, 445.03179931640625, 766.279296875, 546.8277587890625
674.0642700195312, 442.34149169921875, 769.6598510742188, 543.1477661132812
676.5638427734375, 442.2577819824219, 771.22265625, 542.3181762695312
677.8505859375, 442.4433288574219, 771.7797241210938, 542.31787109375
681.2590942382812, 441.144775390625, 773.5233154296875, 539.69287109375
682.430908203125, 439.2145690917969, 773.6571044921875, 536.9508056640625
682.430908203125, 439.2145690917969, 773.6571044921875, 536.9508056640625
681.734619140625, 439.58905029296875, 772.1441650390625, 536.350341796875
681.3515625, 440.62493896484375, 771.3408203125, 536.8740844726562
681.3515625, 440.62493896484375, 771.3408203125, 536.8740844726562
681.1322631835938, 442.9674377441406, 769.909423828125, 538.6569213867188
684.024169921875, 445.67584228515625, 770.8717041015625, 540.5111083984375
683.5231323242188, 448.85968017578125, 769.3201904296875, 542.9005126953125
682.0671997070312, 450.7254638671875, 766.9068603515625, 544.680419921875
682.0671997070312, 450.7254638671875, 766.9068603515625, 544.680419921875
678.2687377929688, 454.1662902832031, 762.7069091796875, 547.434326171875
679.1657104492188, 455.245361328125, 762.0181884765625, 547.5783081054688
684.966796875, 453.63916015625, 766.8778076171875, 545.57421875
688.23388671875, 453.1710205078125, 769.829833984375, 544.5980224609375
695.80615234375, 454.23992919921875, 777.3030395507812, 543.9478149414062
697.56640625, 454.3850402832031, 778.698486328125, 543.787841796875
697.56640625, 454.3850402832031, 778.698486328125, 543.787841796875
701.540283203125, 453.54290771484375, 782.4788208007812, 542.0026245117188
703.838623046875, 452.3677978515625, 784.1943969726562, 540.1351318359375
703.838623046875, 452.3677978515625, 784.1943969726562, 540.1351318359375
703.6385498046875, 452.41796875, 783.8759765625, 539.6842041015625
702.6934814453125, 453.4691162109375, 782.489013671875, 539.4224243164062
703.7592163085938, 455.4202575683594, 783.257080078125, 540.4677124023438
707.1481323242188, 457.7220458984375, 785.822021484375, 542.4349365234375
707.1481323242188, 457.7220458984375, 785.822021484375, 542.4349365234375
709.2811279296875, 459.0903015136719, 787.8980102539062, 543.3104858398438
711.8565063476562, 463.2734680175781, 789.902099609375, 546.4869384765625
712.4559326171875, 468.62493896484375, 790.0379638671875, 551.3019409179688
712.6339111328125, 473.17529296875, 789.8536376953125, 555.4370727539062
712.6339111328125, 473.17529296875, 789.8536376953125, 555.4370727539062
712.7308959960938, 474.6888122558594, 789.9274291992188, 556.7156372070312
705.7761840820312, 476.8540954589844, 781.34228515625, 558.0912475585938
704.837890625, 477.4177551269531, 779.83935546875, 558.6543579101562
704.3373413085938, 478.3211669921875, 778.958251953125, 559.1299438476562
704.3373413085938, 478.3211669921875, 778.958251953125, 559.1299438476562
705.2167358398438, 478.80682373046875, 779.5179443359375, 559.4366455078125
706.83740234375, 479.96661376953125, 780.5847778320312, 560.353271484375
708.38525390625, 481.8688659667969, 781.63232421875, 561.6257934570312
708.8538208007812, 482.1182556152344, 781.4205932617188, 561.6029663085938
708.8538208007812, 482.1182556152344, 781.4205932617188, 561.6029663085938
708.4642333984375, 482.5762634277344, 780.718994140625, 561.8533935546875
706.0669555664062, 486.2922668457031, 777.680419921875, 565.1732177734375
701.7391967773438, 491.6793518066406, 773.441650390625, 569.640625
699.2210083007812, 496.9548034667969, 770.77099609375, 574.1695556640625
699.2210083007812, 496.9548034667969, 770.77099609375, 574.1695556640625
698.2169189453125, 498.8253173828125, 769.517822265625, 576.2109985351562
694.4110717773438, 502.7216796875, 765.6124877929688, 579.6572875976562
693.4651489257812, 503.5801696777344, 764.8368530273438, 580.0537109375
690.6334228515625, 506.4263916015625, 761.6326904296875, 582.4381713867188
690.6334228515625, 506.4263916015625, 761.6326904296875, 582.4381713867188
688.8624267578125, 508.9884948730469, 759.4756469726562, 585.2718505859375
688.818359375, 510.94073486328125, 759.659423828125, 586.4058837890625
688.65234375, 511.6527404785156, 759.8591918945312, 586.6357421875
687.4163818359375, 513.376708984375, 758.8577270507812, 587.681396484375
687.4163818359375, 513.376708984375, 758.8577270507812, 587.681396484375
684.96484375, 514.9940795898438, 756.6636352539062, 588.8278198242188
684.1220703125, 515.8092041015625, 755.538818359375, 589.506103515625
684.8135986328125, 516.3677368164062, 756.4994506835938, 589.6969604492188
686.3765258789062, 517.8912963867188, 758.0447998046875, 591.3485717773438
686.3765258789062, 517.8912963867188, 758.0447998046875, 591.3485717773438
687.4151611328125, 519.4314575195312, 758.9610595703125, 592.6613159179688
687.6707763671875, 519.6868896484375, 759.3756103515625, 592.9974365234375
687.6707763671875, 519.6868896484375, 759.3756103515625, 592.9974365234375
688.9227294921875, 518.8511962890625, 760.3668212890625, 592.182373046875
692.3828125, 517.29248046875, 763.6181640625, 590.6860961914062
694.210205078125, 516.580810546875, 765.5556030273438, 589.7531127929688
694.31884765625, 516.3031616210938, 765.676025390625, 589.570556640625
694.31884765625, 516.3031616210938, 765.676025390625, 589.570556640625
692.9707641601562, 515.2472534179688, 764.39404296875, 588.3207397460938
690.416748046875, 510.5146484375, 761.8153076171875, 583.2603149414062
688.9760131835938, 507.8536376953125, 760.6820068359375, 580.3793334960938
688.5977783203125, 506.5604248046875, 760.2803344726562, 578.9813842773438
688.5977783203125, 506.5604248046875, 760.2803344726562, 578.9813842773438
683.4304809570312, 501.09967041015625, 755.46435546875, 572.7760620117188
683.4304809570312, 501.09967041015625, 755.46435546875, 572.7760620117188
681.7308349609375, 498.4672546386719, 753.9661865234375, 569.7347412109375
679.6985473632812, 496.45465087890625, 751.8695068359375, 567.7402954101562
679.6985473632812, 496.45465087890625, 751.8695068359375, 567.7402954101562
672.7640380859375, 494.2294616699219, 745.34716796875, 565.2384033203125
672.7640380859375, 494.2294616699219, 745.34716796875, 565.2384033203125
669.700927734375, 492.3586730957031, 742.6973876953125, 563.2515869140625
667.7831420898438, 490.34185791015625, 740.8451538085938, 561.1116943359375
667.7831420898438, 490.34185791015625, 740.8451538085938, 561.1116943359375
666.0982666015625, 488.00006103515625, 739.55029296875, 559.2682495117188
666.0982666015625, 488.00006103515625, 739.55029296875, 559.2682495117188
664.9112548828125, 488.9958190917969, 738.6259155273438, 559.86962890625
663.16943359375, 492.5269775390625, 737.3836669921875, 563.7786254882812
664.7764892578125, 493.3652038574219, 739.3388061523438, 565.13916015625
668.7286376953125, 493.0600891113281, 743.451171875, 565.4232177734375
668.7286376953125, 493.0600891113281, 743.451171875, 565.4232177734375
670.4285888671875, 490.3140869140625, 746.1996459960938, 563.20654296875
670.4285888671875, 490.3140869140625, 746.1996459960938, 563.20654296875
667.097900390625, 489.1803894042969, 742.8526611328125, 562.4427490234375
663.1915893554688, 487.49566650390625, 738.8583984375, 561.397705078125
663.1915893554688, 487.49566650390625, 738.8583984375, 561.397705078125
661.4407348632812, 487.9324035644531, 737.662109375, 561.7139892578125
659.4973754882812, 491.50830078125, 736.9408569335938, 565.3819580078125
654.393310546875, 493.2372741699219, 731.4388427734375, 567.5037841796875
649.0325317382812, 495.31964111328125, 726.9840087890625, 570.0280151367188
649.0325317382812, 495.31964111328125, 726.9840087890625, 570.0280151367188
647.9356689453125, 495.40771484375, 725.92138671875, 570.61572265625
649.1434326171875, 494.95977783203125, 727.6351318359375, 570.4149169921875
656.6207275390625, 491.60247802734375, 735.8491821289062, 567.1942138671875
660.07421875, 489.9541931152344, 740.43310546875, 565.5135498046875
660.07421875, 489.9541931152344, 740.43310546875, 565.5135498046875
660.626220703125, 489.8240051269531, 741.5350952148438, 565.4698486328125
660.2426147460938, 490.3534240722656, 741.37744140625, 566.581787109375
660.2426147460938, 490.3534240722656, 741.37744140625, 566.581787109375
654.761962890625, 490.509521484375, 736.7369384765625, 568.3236083984375
654.761962890625, 490.509521484375, 736.7369384765625, 568.3236083984375
653.6012573242188, 490.198486328125, 735.6107177734375, 568.418701171875
648.3275756835938, 489.34539794921875, 731.06982421875, 569.0480346679688
646.6398315429688, 488.7378845214844, 729.5086059570312, 568.648193359375
643.20556640625, 487.3040466308594, 726.5105590820312, 567.7454833984375
643.20556640625, 487.3040466308594, 726.5105590820312, 567.7454833984375
640.8590087890625, 485.5214538574219, 724.3939819335938, 567.0618896484375
640.75439453125, 483.062255859375, 724.6085205078125, 565.43115234375
641.3075561523438, 482.29449462890625, 725.4906005859375, 565.154296875
642.7310180664062, 480.6900634765625, 727.3853149414062, 564.2315063476562
642.7310180664062, 480.6900634765625, 727.3853149414062, 564.2315063476562
645.13916015625, 480.5221252441406, 730.338623046875, 564.5850830078125
660.1282958984375, 479.3991394042969, 743.147216796875, 564.50634765625
666.0, 480.0, 754.0, 564.0
684.0, 481.0, 774.0, 567.0
684.0, 481.0, 774.0, 567.0
703.1305541992188, 480.638916015625, 788.3654174804688, 567.673583984375
723.2335205078125, 484.5228271484375, 809.6751708984375, 573.1168823242188
728.0, 487.0, 817.2656860351562, 575.568115234375
747.0, 491.0, 839.0, 582.0
747.0, 491.0, 839.0, 582.0
769.0, 498.0, 863.0, 591.0
779.0, 502.0, 875.0, 594.0
779.0, 502.0, 875.0, 594.0
800.0, 508.0, 896.0, 602.0
826.0, 518.0, 927.0, 613.0
848.0, 524.0, 945.650634765625, 621.5104370117188
863.5453491210938, 528.49169921875, 963.0, 626.0
863.5453491210938, 528.49169921875, 963.0, 626.0
879.0, 536.0, 986.0, 636.0
908.0, 545.0, 1017.0, 647.0
930.0, 549.0, 1041.0, 654.0
942.0, 552.0, 1055.0, 660.0
942.0, 552.0, 1055.0, 660.0
968.0, 562.0, 1084.2530517578125, 671.4003295898438
1008.0, 575.0, 1130.0, 687.0
1034.0, 583.0, 1159.0, 696.0
1057.0, 588.0, 1189.0, 704.0
1057.0, 588.0, 1189.0, 704.0
1070.0, 592.0, 1202.0, 709.0
1108.0, 604.0, 1245.0, 724.0
1137.80712890625, 611.4237060546875, 1273.0, 735.0
1133.927001953125, 645.5767211914062, 1259.0, 783.0
1111.1806640625, 636.4569702148438, 1229.7255859375, 770.3658447265625
1111.1806640625, 636.4569702148438, 1229.7255859375, 770.3658447265625
1091.4736328125, 626.83203125, 1213.0, 760.0
1081.14404296875, 621.7614135742188, 1197.08447265625, 753.040771484375
1042.0, 605.0, 1162.0, 732.0
1018.0, 595.0, 1137.0, 719.0
1018.0, 595.0, 1137.0, 719.0
1000.8123779296875, 585.9635009765625, 1113.263916015625, 708.1885375976562
992.8255615234375, 580.86767578125, 1103.543701171875, 701.237548828125
992.8255615234375, 580.86767578125, 1103.543701171875, 701.237548828125
974.01318359375, 569.3427734375, 1083.788818359375, 688.290283203125
941.0, 551.0, 1051.640625, 667.0350952148438
924.4799194335938, 541.71337890625, 1030.257568359375, 656.2947387695312
915.367919921875, 537.8447265625, 1021.474365234375, 651.7395629882812
915.367919921875, 537.8447265625, 1021.474365234375, 651.7395629882812
898.460693359375, 529.8109130859375, 1005.129638671875, 642.7552490234375
882.83837890625, 522.2916259765625, 989.45751953125, 634.3937377929688
859.9074096679688, 509.7421569824219, 966.70458984375, 621.177001953125
852.913330078125, 505.28326416015625, 959.7244873046875, 616.5242919921875
852.913330078125, 505.28326416015625, 959.7244873046875, 616.5242919921875
841.4132080078125, 497.08544921875, 948.7512817382812, 608.94482421875
825.6077880859375, 487.7090759277344, 932.488037109375, 600.5123901367188
811.8150634765625, 480.4291687011719, 917.7183837890625, 593.55908203125
795.443115234375, 475.5068664550781, 900.8438720703125, 589.2791748046875
795.443115234375, 475.5068664550781, 900.8438720703125, 589.2791748046875
786.7568969726562, 474.17962646484375, 892.4427490234375, 587.9273071289062
761.7164306640625, 469.23529052734375, 867.5549926757812, 584.430419921875
745.6903076171875, 465.71240234375, 851.72998046875, 582.334716796875
731.2174072265625, 463.1851806640625, 837.5267944335938, 581.1259765625
731.2174072265625, 463.1851806640625, 837.5267944335938, 581.1259765625
700.8497314453125, 462.9651794433594, 807.3817749023438, 583.6676025390625
700.8497314453125, 462.9651794433594, 807.3817749023438, 583.6676025390625
687.35791015625, 465.4424743652344, 794.8670654296875, 587.939208984375
675.81201171875, 466.75128173828125, 784.1263427734375, 591.4725341796875
675.81201171875, 466.75128173828125, 784.1263427734375, 591.4725341796875
670.5178833007812, 467.3787841796875, 779.252685546875, 592.7870483398438
661.56005859375, 466.3616027832031, 770.8790283203125, 593.635986328125
661.56005859375, 466.3616027832031, 770.8790283203125, 593.635986328125
648.7999267578125, 467.13201904296875, 761.4933471679688, 598.6145629882812
648.7999267578125, 467.13201904296875, 761.4933471679688, 598.6145629882812
648.8173217773438, 466.61468505859375, 762.1055908203125, 598.8683471679688
649.3505859375, 466.4039306640625, 763.5527954101562, 600.311279296875
649.3505859375, 466.4039306640625, 763.5527954101562, 600.311279296875
649.4929809570312, 467.5965576171875, 766.4459838867188, 606.054443359375
649.4929809570312, 467.5965576171875, 766.4459838867188, 606.054443359375
650.6259765625, 467.2768859863281, 768.2060546875, 606.3672485351562
653.3015747070312, 465.173095703125, 772.0589599609375, 605.92626953125
653.3015747070312, 465.173095703125, 772.0589599609375, 605.92626953125
655.12744140625, 463.90234375, 775.4324340820312, 606.3505859375
657.33544921875, 463.4641418457031, 779.884033203125, 608.43359375
658.6054077148438, 464.2219543457031, 782.9830322265625, 610.9443359375
659.3851318359375, 464.39703369140625, 784.5205688476562, 611.73046875
659.3851318359375, 464.39703369140625, 784.5205688476562, 611.73046875
659.9224243164062, 463.5328369140625, 786.625, 612.5863037109375
659.21337890625, 461.53729248046875, 788.5518188476562, 612.81201171875
659.0400390625, 461.58648681640625, 790.1732177734375, 614.6080932617188
659.3582153320312, 462.2197265625, 791.443115234375, 615.7872314453125
659.3582153320312, 462.2197265625, 791.443115234375, 615.7872314453125
660.450927734375, 463.42034912109375, 794.6069946289062, 618.589111328125
661.9761962890625, 464.0379638671875, 799.1182861328125, 621.697265625
663.598388671875, 465.0352478027344, 802.6363525390625, 624.7493896484375
664.6427612304688, 465.57757568359375, 804.652587890625, 626.5098876953125
664.6427612304688, 465.57757568359375, 804.652587890625, 626.5098876953125
666.4765014648438, 466.81011962890625, 808.232666015625, 629.811279296875
666.4765014648438, 466.81011962890625, 808.232666015625, 629.811279296875
667.3561401367188, 466.59661865234375, 811.1376953125, 631.5916748046875
665.2299194335938, 461.41558837890625, 812.4779052734375, 630.7484130859375
665.2299194335938, 461.41558837890625, 812.4779052734375, 630.7484130859375
663.9214477539062, 460.3594970703125, 812.9168701171875, 631.6987915039062
663.9214477539062, 460.3594970703125, 812.9168701171875, 631.6987915039062
664.1636962890625, 460.4056396484375, 814.92626953125, 634.3758544921875
665.3209838867188, 457.2127380371094, 819.67626953125, 635.06005859375
665.3209838867188, 457.2127380371094, 819.67626953125, 635.06005859375
666.155029296875, 456.32769775390625, 821.8896484375, 636.5654296875
666.155029296875, 456.32769775390625, 821.8896484375, 636.5654296875
667.3974609375, 455.37127685546875, 824.4774169921875, 637.610107421875
668.197998046875, 454.8334655761719, 825.9199829101562, 638.4016723632812
671.8690185546875, 452.45025634765625, 830.839599609375, 639.579833984375
674.3065185546875, 451.50439453125, 834.3995361328125, 640.6780395507812
674.3065185546875, 451.50439453125, 834.3995361328125, 640.6780395507812
675.879638671875, 450.39312744140625, 836.552978515625, 641.7540283203125
676.309326171875, 449.4024963378906, 837.4725341796875, 641.6923217773438
676.309326171875, 449.4024963378906, 837.4725341796875, 641.6923217773438
675.7371215820312, 449.03387451171875, 837.790771484375, 642.967529296875
676.2770385742188, 445.80889892578125, 838.983642578125, 642.7083129882812
677.1910400390625, 444.51348876953125, 840.358642578125, 643.6285400390625
677.436767578125, 444.0967102050781, 840.5723876953125, 644.212890625
677.436767578125, 444.0967102050781, 840.5723876953125, 644.212890625
678.0560302734375, 443.489013671875, 841.85009765625, 645.4190673828125
678.6898193359375, 441.467041015625, 843.5598754882812, 645.6407470703125
678.697509765625, 440.4612731933594, 844.4410400390625, 645.6507568359375
679.0552978515625, 440.65057373046875, 845.4327392578125, 646.39599609375
679.0552978515625, 440.65057373046875, 845.4327392578125, 646.39599609375
680.49267578125, 442.797119140625, 847.6246337890625, 649.8876342773438
681.9046630859375, 443.226806640625, 850.4472045898438, 651.61767578125
681.0355224609375, 443.60321044921875, 850.3334350585938, 653.447021484375
679.7467651367188, 445.27532958984375, 850.4337158203125, 655.6387939453125
679.7467651367188, 445.27532958984375, 850.4337158203125, 655.6387939453125
679.46923828125, 447.92822265625, 850.6905517578125, 659.0692138671875
683.7564086914062, 450.3840026855469, 856.365966796875, 664.2203369140625
687.038330078125, 450.2616271972656, 860.7472534179688, 665.701416015625
687.53369140625, 451.48077392578125, 862.3267211914062, 668.562744140625
687.53369140625, 451.48077392578125, 862.3267211914062, 668.562744140625
687.0435791015625, 452.3292236328125, 862.3739013671875, 669.9009399414062
684.4033203125, 452.1397399902344, 860.4637451171875, 671.7161865234375
682.5108642578125, 451.1630859375, 859.4264526367188, 671.955322265625
680.7825927734375, 452.92791748046875, 858.4344482421875, 675.23388671875
680.7825927734375, 452.92791748046875, 858.4344482421875, 675.23388671875
680.0597534179688, 453.8287353515625, 858.3778076171875, 677.0614013671875
679.932861328125, 454.18170166015625, 859.494873046875, 678.7274780273438
679.932861328125, 454.18170166015625, 859.494873046875, 678.7274780273438
680.5623779296875, 455.23040771484375, 861.7893676757812, 680.56884765625
679.46044921875, 454.75946044921875, 863.3968505859375, 681.4815673828125
678.773193359375, 454.40460205078125, 863.5179443359375, 681.69970703125
678.3195190429688, 454.106201171875, 864.6202392578125, 681.97705078125
678.3195190429688, 454.106201171875, 864.6202392578125, 681.97705078125
679.12890625, 452.7733459472656, 867.4888916015625, 681.4854736328125
681.8345336914062, 449.1627502441406, 872.8527221679688, 679.0339965820312
682.7730102539062, 447.4869384765625, 874.6561889648438, 677.9658203125
684.48388671875, 444.3583679199219, 877.3389892578125, 676.6670532226562
684.48388671875, 444.3583679199219, 877.3389892578125, 676.6670532226562
685.2778930664062, 441.16259765625, 878.505615234375, 675.3665771484375
684.4664916992188, 436.27191162109375, 878.6575927734375, 672.9639892578125
682.5191650390625, 433.2015686035156, 878.2178344726562, 671.1829833984375
681.5294799804688, 431.4790954589844, 877.7255859375, 669.9786376953125
681.5294799804688, 431.4790954589844, 877.7255859375, 669.9786376953125
679.421875, 429.1586608886719, 877.4196166992188, 668.1655883789062
679.421875, 429.1586608886719, 877.4196166992188, 668.1655883789062
677.743408203125, 428.03277587890625, 876.5379638671875, 667.37158203125
673.6700439453125, 426.2324523925781, 874.6444091796875, 665.5994262695312
670.6866455078125, 423.8555603027344, 874.8927001953125, 663.5942993164062
671.5767822265625, 422.5299072265625, 877.7957153320312, 662.75439453125
671.5767822265625, 422.5299072265625, 877.7957153320312, 662.75439453125
683.359375, 421.7596435546875, 894.3277587890625, 663.6710815429688
686.3004150390625, 421.849365234375, 898.78662109375, 663.644775390625
686.3004150390625, 421.849365234375, 898.78662109375, 663.644775390625
693.1473388671875, 421.0509338378906, 908.439697265625, 663.5118408203125
693.1473388671875, 421.0509338378906, 908.439697265625, 663.5118408203125
701.7734375, 419.2247619628906, 919.3948364257812, 662.4996337890625
705.5911865234375, 418.32470703125, 924.8450927734375, 662.5340576171875
714.7698364257812, 417.3610534667969, 936.517333984375, 662.7711791992188
718.8226928710938, 416.74700927734375, 941.2268676757812, 663.4494018554688
718.8226928710938, 416.74700927734375, 941.2268676757812, 663.4494018554688
721.2796630859375, 415.2082214355469, 943.45654296875, 662.2191772460938
721.5872192382812, 415.4426574707031, 943.8530883789062, 662.5664672851562
721.6156616210938, 417.5227355957031, 942.5347290039062, 665.091796875
720.6156616210938, 418.7000427246094, 940.8056030273438, 665.8920288085938
720.6156616210938, 418.7000427246094, 940.8056030273438, 665.8920288085938
719.5604858398438, 419.3237609863281, 940.005126953125, 665.6815795898438
719.529541015625, 419.4592590332031, 939.9716796875, 665.6536865234375
719.529541015625, 419.4592590332031, 939.9716796875, 665.6536865234375
720.2686767578125, 420.8130187988281, 941.052734375, 666.6408081054688
720.9569702148438, 422.6748962402344, 942.1907348632812, 667.5865478515625
720.1829833984375, 423.38409423828125, 940.5372314453125, 668.1455078125
719.5364990234375, 423.38226318359375, 939.6652221679688, 668.042724609375
719.5364990234375, 423.38226318359375, 939.6652221679688, 668.042724609375
719.1239624023438, 423.3643493652344, 938.6734008789062, 667.8505249023438
719.4962158203125, 423.5068664550781, 938.5489501953125, 667.8327026367188
718.8809204101562, 423.59100341796875, 937.5546875, 667.5546875
718.51416015625, 423.5141296386719, 936.5902099609375, 667.137451171875
718.51416015625, 423.5141296386719, 936.5902099609375, 667.137451171875
716.963623046875, 423.01788330078125, 934.5894165039062, 666.0957641601562
714.5020751953125, 425.4916076660156, 931.571044921875, 668.1942749023438
713.5589599609375, 427.6083984375, 930.5259399414062, 669.6421508789062
712.3485107421875, 429.8919677734375, 928.5734252929688, 672.331787109375
712.3485107421875, 429.8919677734375, 928.5734252929688, 672.331787109375
711.52880859375, 430.5348815917969, 927.5065307617188, 672.9111328125
708.0247802734375, 433.61859130859375, 922.8087158203125, 677.0771484375
705.966796875, 434.4229431152344, 920.4432983398438, 678.4605712890625
706.3388061523438, 434.6883850097656, 920.6239013671875, 678.8452758789062
706.3388061523438, 434.6883850097656, 920.6239013671875, 678.8452758789062
707.3692626953125, 434.920166015625, 921.616943359375, 679.2114868164062
709.09619140625, 435.43572998046875, 923.4179077148438, 680.2264404296875
708.6464233398438, 436.0271301269531, 923.2178344726562, 680.7222900390625
708.32373046875, 436.1285095214844, 922.5265502929688, 680.566162109375
708.32373046875, 436.1285095214844, 922.5265502929688, 680.566162109375
707.8614501953125, 436.203125, 922.4249877929688, 680.2239379882812
707.5511474609375, 436.2007751464844, 922.222412109375, 679.7103881835938
707.7332763671875, 436.2790222167969, 922.4564819335938, 679.8242797851562
708.4456787109375, 436.3003845214844, 923.3792114257812, 679.57666015625
708.4456787109375, 436.3003845214844, 923.3792114257812, 679.57666015625
708.970458984375, 436.4082336425781, 924.2413330078125, 679.5347900390625
710.9483642578125, 436.3622741699219, 926.4834594726562, 678.8160400390625
714.768798828125, 437.1460266113281, 930.510009765625, 678.656494140625
716.567138671875, 438.3756408691406, 932.3423461914062, 678.8787841796875
716.567138671875, 438.3756408691406, 932.3423461914062, 678.8787841796875
717.2548217773438, 439.2958679199219, 932.4627075195312, 679.2163696289062
718.4124755859375, 441.158935546875, 932.8653564453125, 679.65087890625
718.4124755859375, 441.158935546875, 932.8653564453125, 679.65087890625
729.57421875, 447.8662414550781, 942.6295166015625, 682.5577392578125
729.57421875, 447.8662414550781, 942.6295166015625, 682.5577392578125
733.1231689453125, 450.1849060058594, 946.3480224609375, 683.7155151367188
737.195556640625, 450.1814880371094, 950.33056640625, 681.05712890625
735.27490234375, 447.3851013183594, 944.5458984375, 675.1232299804688
737.5278930664062, 449.466552734375, 944.02001953125, 675.839111328125
737.5278930664062, 449.466552734375, 944.02001953125, 675.839111328125
742.8701171875, 455.8942565917969, 948.21630859375, 681.0272216796875
746.477783203125, 463.1997985839844, 949.6884765625, 685.520263671875
747.270263671875, 465.5216064453125, 949.4679565429688, 687.215087890625
749.3325805664062, 468.99761962890625, 949.7122802734375, 689.0968017578125
749.3325805664062, 468.99761962890625, 949.7122802734375, 689.0968017578125
751.5223388671875, 472.74951171875, 950.338134765625, 691.224609375
751.3759765625, 480.64691162109375, 946.763916015625, 697.0281982421875
749.99951171875, 483.76593017578125, 944.5188598632812, 699.1802978515625
745.5086669921875, 490.57275390625, 938.195556640625, 704.9835815429688
745.5086669921875, 490.57275390625, 938.195556640625, 704.9835815429688
739.5997314453125, 494.3568115234375, 930.1287841796875, 707.0836181640625
736.976318359375, 494.93353271484375, 926.1928100585938, 707.5115356445312
736.976318359375, 494.93353271484375, 926.1928100585938, 707.5115356445312
731.6775512695312, 495.23846435546875, 919.0479736328125, 705.709228515625
724.4970703125, 500.21258544921875, 908.8567504882812, 708.245361328125
720.1749267578125, 506.658935546875, 902.6776123046875, 714.1436767578125
718.1220092773438, 509.96319580078125, 899.7294921875, 716.8719482421875
718.1220092773438, 509.96319580078125, 899.7294921875, 716.8719482421875
714.7997436523438, 517.5366821289062, 895.0477294921875, 724.2557373046875
707.7925415039062, 531.6665649414062, 886.5130615234375, 736.1798095703125
701.1026611328125, 540.5848388671875, 879.9496459960938, 744.42529296875
697.8435668945312, 544.0357666015625, 877.49267578125, 746.6954345703125
697.8435668945312, 544.0357666015625, 877.49267578125, 746.6954345703125
693.08984375, 549.259033203125, 872.6436767578125, 750.9696044921875
685.634765625, 556.1559448242188, 864.1199951171875, 754.8111572265625
674.1465454101562, 569.3656616210938, 854.1189575195312, 763.679931640625
664.7613525390625, 582.6168823242188, 847.9217529296875, 775.6766357421875
664.7613525390625, 582.6168823242188, 847.9217529296875, 775.6766357421875
660.87548828125, 585.9385986328125, 845.186279296875, 779.7045288085938
655.9002075195312, 581.78662109375, 842.2930908203125, 770.2699584960938
652.9592895507812, 575.7845458984375, 839.61376953125, 761.962890625
645.4189453125, 569.0770874023438, 830.1804809570312, 752.8424072265625
645.4189453125, 569.0770874023438, 830.1804809570312, 752.8424072265625
639.81982421875, 565.697509765625, 823.09033203125, 749.1371459960938
620.3186645507812, 556.9258422851562, 800.2608032226562, 738.9273681640625
602.8745727539062, 548.3998413085938, 779.6843872070312, 729.8804931640625
586.8676147460938, 539.9984130859375, 762.6172485351562, 720.9249267578125
586.86767578125, 539.9984130859375, 762.6172485351562, 720.9249267578125
580.3886108398438, 536.7233276367188, 755.442626953125, 717.3126220703125
580.3886108398438, 536.7233276367188, 755.442626953125, 717.3126220703125
565.2653198242188, 529.0145263671875, 738.9959716796875, 708.8695678710938
512.485595703125, 522.9382934570312, 683.906494140625, 701.451171875
512.485595703125, 522.9382934570312, 683.906494140625, 701.451171875
505.17095947265625, 526.1348876953125, 679.06201171875, 703.8446044921875
505.17095947265625, 526.1348876953125, 679.06201171875, 703.8446044921875
498.4322204589844, 536.765380859375, 674.6737060546875, 711.4332275390625
490.6124572753906, 546.9574584960938, 664.5513916015625, 721.8177490234375
442.0, 545.0, 627.0, 724.0
426.903076171875, 536.2054443359375, 606.9248046875, 718.1253051757812
426.903076171875, 536.2054443359375, 606.9248046875, 718.1253051757812
402.2381286621094, 508.29327392578125, 579.0, 690.0
395.6103210449219, 492.4132080078125, 567.4649658203125, 668.74169921875
395.6103210449219, 492.4132080078125, 567.4649658203125, 668.74169921875
395.46478271484375, 489.4566650390625, 566.1763916015625, 666.410400390625
393.49554443359375, 493.9573974609375, 560.9219360351562, 670.3370361328125
379.6511535644531, 500.2324523925781, 542.361328125, 680.7340087890625
371.63604736328125, 487.76861572265625, 533.3660888671875, 665.91455078125
371.63604736328125, 487.76861572265625, 533.3660888671875, 665.91455078125
371.9156188964844, 479.24078369140625, 532.1320190429688, 656.623779296875
380.0, 451.0, 532.0, 639.0
380.0, 451.0, 532.0, 639.0
381.0, 410.0, 535.0, 597.0
360.0, 307.0, 506.0, 502.0
356.18377685546875, 290.41717529296875, 498.3004150390625, 474.33245849609375
356.18377685546875, 290.41717529296875, 498.3004150390625, 474.33245849609375
358.0966491699219, 278.15728759765625, 498.6005554199219, 461.83880615234375
326.1387939453125, 270.2602844238281, 464.01605224609375, 450.4169921875
328.8787841796875, 277.7862854003906, 464.6101379394531, 460.40875244140625
738.0, 296.0, 841.0, 463.0
735.440185546875, 272.80914306640625, 838.7291259765625, 432.852294921875
735.440185546875, 272.80914306640625, 838.7291259765625, 432.852294921875
733.5155029296875, 260.5528564453125, 833.9471435546875, 423.3276062011719
743.4168701171875, 255.45947265625, 840.08349609375, 418.9035949707031
743.4168701171875, 255.45947265625, 840.08349609375, 418.9035949707031
773.0, 292.0, 879.0, 457.0
773.0, 292.0, 879.0, 457.0
775.0, 310.0, 881.0, 477.0
744.0, 453.0, 855.0, 613.0
720.0516357421875, 493.01580810546875, 836.0, 648.0
720.0516357421875, 493.01580810546875, 836.0, 648.0
703.5692749023438, 504.4974365234375, 823.4982299804688, 659.716796875
696.9588623046875, 504.8072509765625, 818.358154296875, 660.2901000976562
665.0, 494.0, 795.0, 646.0
646.8590087890625, 495.42657470703125, 766.2064208984375, 647.4722900390625
646.8590087890625, 495.42657470703125, 766.2064208984375, 647.4722900390625
630.6708374023438, 498.9893493652344, 753.5704956054688, 652.4635620117188
633.1945190429688, 501.74725341796875, 755.7975463867188, 656.156982421875
642.2666625976562, 488.6971435546875, 766.9759521484375, 635.00439453125
634.6898193359375, 458.67022705078125, 757.8456420898438, 607.8795166015625
634.6898193359375, 458.67022705078125, 757.8456420898438, 607.8795166015625
623.6505126953125, 433.15826416015625, 747.0, 583.0
620.0, 416.0, 745.0, 565.0
620.0, 416.0, 745.0, 565.0
602.9517822265625, 370.6169738769531, 732.0, 517.0
